tag,type,assigned_user,location
FDNY-TAB-1001,Samsung Tab Active3,10101,Engine 33
FDNY-TAB-1002,Panasonic Toughbook G2,10101,Engine 33
FDNY-CEL-2001,iPhone 14 Pro,10101,Engine 33
FDNY-CEL-2002,Sonim XP10 (FirstNet),10101,Engine 33
FDNY-TAB-1003,Samsung Tab Active3,10102,Engine 33
FDNY-TAB-1004,Panasonic Toughbook G2,10102,Engine 33
FDNY-CEL-2003,iPhone 14 Pro,10102,Engine 33
FDNY-CEL-2004,Sonim XP10 (FirstNet),10102,Engine 33
FDNY-TAB-1005,Samsung Tab Active3,10103,Ladder 9
FDNY-TAB-1006,Panasonic Toughbook G2,10103,Ladder 9
FDNY-CEL-2005,iPhone 14 Pro,10103,Ladder 9
FDNY-CEL-2006,Sonim XP10 (FirstNet),10103,Ladder 9
FDNY-TAB-1007,Samsung Tab Active3,10104,Ladder 9
FDNY-TAB-1008,Panasonic Toughbook G2,10104,Ladder 9
FDNY-CEL-2007,iPhone 14 Pro,10104,Ladder 9
FDNY-CEL-2008,Sonim XP10 (FirstNet),10104,Ladder 9
FDNY-TAB-1009,Samsung Tab Active3,10105,Rescue 1
FDNY-TAB-1010,Panasonic Toughbook G2,10105,Rescue 1
FDNY-CEL-2009,iPhone 14 Pro,10105,Rescue 1
FDNY-CEL-2010,Sonim XP10 (FirstNet),10105,Rescue 1
FDNY-TAB-1011,Samsung Tab Active3,10106,Rescue 1
FDNY-TAB-1012,Panasonic Toughbook G2,10106,Rescue 1
FDNY-CEL-2011,iPhone 14 Pro,10106,Rescue 1
FDNY-CEL-2012,Sonim XP10 (FirstNet),10106,Rescue 1
FDNY-TAB-1013,Samsung Tab Active3,10107,Battalion 10
FDNY-TAB-1014,Panasonic Toughbook G2,10107,Battalion 10
FDNY-CEL-2013,iPhone 14 Pro,10107,Battalion 10
FDNY-CEL-2014,Sonim XP10 (FirstNet),10107,Battalion 10
FDNY-TAB-1015,Samsung Tab Active3,10108,Battalion 10
FDNY-TAB-1016,Panasonic Toughbook G2,10108,Battalion 10
FDNY-CEL-2015,iPhone 14 Pro,10108,Battalion 10
FDNY-CEL-2016,Sonim XP10 (FirstNet),10108,Battalion 10
FDNY-TAB-1017,Samsung Tab Active3,10109,Engine 54
FDNY-TAB-1018,Panasonic Toughbook G2,10109,Engine 54
FDNY-CEL-2017,iPhone 14 Pro,10109,Engine 54
FDNY-CEL-2018,Sonim XP10 (FirstNet),10109,Engine 54
FDNY-TAB-1019,Samsung Tab Active3,10110,Engine 54
FDNY-TAB-1020,Panasonic Toughbook G2,10110,Engine 54
FDNY-CEL-2019,iPhone 14 Pro,10110,Engine 54
FDNY-CEL-2020,Sonim XP10 (FirstNet),10110,Engine 54